ecole_id,annee,score_moyen,ips_moyen,taille_moyenne_classe,part_dedoublement,rep,rep_plus,statut_mode
1,2017,69.37,44.69,18.73,0.0,1.0,0.0,REP
1,2018,82.702,63.15,16.73,0.0,0.0,0.0,Hors EP
1,2019,70.884,93.12,12.0,1.0,0.0,1.0,REP+
1,2020,69.90599999999999,67.87,14.779999999999998,1.0,0.0,1.0,REP+
1,2021,75.642,77.12,18.5,0.0,1.0,0.0,REP
1,2022,74.394,82.53,19.16,0.0,1.0,0.0,REP
1,2023,75.19800000000001,47.84,15.080000000000002,1.0,1.0,0.0,REP
2,2017,81.98400000000001,78.03,19.86,0.0,0.0,0.0,Hors EP
2,2018,78.34,59.31,13.789999999999997,0.0,0.0,0.0,Hors EP
2,2019,87.026,40.0,12.0,0.0,0.0,0.0,Hors EP
2,2020,74.876,49.4,12.0,1.0,1.0,0.0,REP
2,2021,64.95,77.78,22.84,0.0,0.0,1.0,REP+
2,2022,81.768,79.78,14.279999999999998,1.0,1.0,0.0,REP
2,2023,86.584,74.67,14.64,0.0,0.0,0.0,Hors EP
3,2017,73.064,65.41,13.059999999999999,1.0,1.0,0.0,REP
3,2018,72.38199999999999,61.52,13.059999999999999,1.0,0.0,1.0,REP+
3,2019,82.9,94.3,12.0,0.0,0.0,0.0,Hors EP
3,2020,84.666,55.220000000000006,12.0,0.0,0.0,0.0,Hors EP
3,2021,82.252,74.86,16.24,0.0,0.0,0.0,Hors EP
3,2022,84.144,74.07,13.470000000000002,0.0,0.0,0.0,Hors EP
3,2023,88.21799999999999,40.0,18.33,0.0,0.0,0.0,Hors EP
4,2017,72.074,67.67,17.32,1.0,1.0,0.0,REP
4,2018,84.978,83.96,16.85,0.0,0.0,0.0,Hors EP
4,2019,78.404,40.0,20.49,0.0,0.0,0.0,Hors EP
4,2020,76.814,50.05,12.0,1.0,1.0,0.0,REP
4,2021,74.36800000000001,65.84,15.38,1.0,0.0,1.0,REP+
4,2022,86.91,81.74,17.17,0.0,0.0,0.0,Hors EP
4,2023,74.3,86.02,12.0,1.0,0.0,1.0,REP+
5,2017,75.704,58.92999999999999,21.32,0.0,0.0,0.0,Hors EP
5,2018,74.74000000000001,61.61,20.66,0.0,0.0,0.0,Hors EP
5,2019,77.308,53.779999999999994,14.3,1.0,1.0,0.0,REP
5,2020,76.92999999999999,52.79,14.37,1.0,1.0,0.0,REP
5,2021,74.77000000000001,63.8,12.0,1.0,1.0,0.0,REP
5,2022,75.13,62.54,14.63,1.0,1.0,0.0,REP
5,2023,80.1,75.78,16.84,1.0,1.0,0.0,REP
6,2017,78.74600000000001,59.029999999999994,15.12,0.0,0.0,0.0,Hors EP
6,2018,79.152,56.279999999999994,19.81,0.0,0.0,0.0,Hors EP
6,2019,77.382,82.47,24.18,0.0,0.0,0.0,Hors EP
6,2020,79.34200000000001,70.91,12.84,0.0,0.0,0.0,Hors EP
6,2021,68.30199999999999,60.54,21.67,0.0,1.0,0.0,REP
6,2022,71.314,72.42,18.24,0.0,0.0,1.0,REP+
6,2023,82.0,71.45,23.99,0.0,0.0,0.0,Hors EP
7,2017,81.292,71.25,15.809999999999999,0.0,0.0,0.0,Hors EP
7,2018,68.11800000000001,81.28,17.39,1.0,0.0,1.0,REP+
7,2019,75.578,89.16,20.05,0.0,0.0,0.0,Hors EP
7,2020,81.482,63.48,12.0,0.0,0.0,0.0,Hors EP
7,2021,85.238,65.8,19.86,0.0,0.0,0.0,Hors EP
7,2022,74.938,68.85,12.0,1.0,0.0,1.0,REP+
7,2023,73.498,74.03,18.29,0.0,1.0,0.0,REP
8,2017,72.556,76.0,13.970000000000002,1.0,0.0,1.0,REP+
8,2018,73.49,83.06,18.5,0.0,1.0,0.0,REP
8,2019,72.002,74.94,27.639999999999997,0.0,0.0,0.0,Hors EP
8,2020,72.598,60.27,12.0,1.0,0.0,1.0,REP+
8,2021,81.372,60.260000000000005,20.72,0.0,0.0,0.0,Hors EP
8,2022,74.826,60.92999999999999,15.539999999999997,1.0,0.0,1.0,REP+
8,2023,75.17999999999999,57.27,19.83,0.0,1.0,0.0,REP
9,2017,78.938,43.3,20.9,0.0,0.0,0.0,Hors EP
9,2018,81.494,100.0,14.73,0.0,0.0,0.0,Hors EP
9,2019,78.762,85.28,21.68,0.0,0.0,0.0,Hors EP
9,2020,79.814,58.239999999999995,12.0,0.0,0.0,0.0,Hors EP
9,2021,78.444,55.989999999999995,12.0,1.0,1.0,0.0,REP
9,2022,78.36800000000001,53.98,16.5,1.0,1.0,0.0,REP
9,2023,82.704,65.03,12.0,0.0,0.0,0.0,Hors EP
10,2017,74.94,67.98,14.16,0.0,0.0,0.0,Hors EP
10,2018,78.20599999999999,76.38,19.33,0.0,0.0,0.0,Hors EP
10,2019,75.77799999999999,53.71,12.0,1.0,1.0,0.0,REP
10,2020,72.522,56.38000000000001,15.95,1.0,0.0,1.0,REP+
10,2021,70.402,45.25,21.87,0.0,1.0,0.0,REP
10,2022,82.01599999999999,72.25,21.68,0.0,0.0,0.0,Hors EP
10,2023,78.78399999999999,67.46,15.830000000000002,1.0,1.0,0.0,REP
11,2017,74.014,68.57,12.0,1.0,1.0,0.0,REP
11,2018,76.29400000000001,84.53,15.64,1.0,1.0,0.0,REP
11,2019,81.65,68.82,12.0,0.0,0.0,0.0,Hors EP
11,2020,82.564,83.96,20.26,0.0,0.0,0.0,Hors EP
11,2021,76.128,74.39,25.78,0.0,0.0,0.0,Hors EP
11,2022,71.194,75.46,15.99,1.0,0.0,1.0,REP+
11,2023,76.098,77.33,27.610000000000003,0.0,0.0,0.0,Hors EP
12,2017,82.082,56.42999999999999,19.18,0.0,0.0,0.0,Hors EP
12,2018,74.546,62.989999999999995,12.0,1.0,1.0,0.0,REP
12,2019,82.204,89.21,17.73,0.0,0.0,0.0,Hors EP
12,2020,78.308,72.82,14.05,1.0,1.0,0.0,REP
12,2021,79.39,72.52,15.02,1.0,1.0,0.0,REP
12,2022,81.22999999999999,90.57,21.48,0.0,0.0,0.0,Hors EP
12,2023,86.632,58.1,17.07,0.0,0.0,0.0,Hors EP
13,2017,82.188,84.09,12.0,0.0,0.0,0.0,Hors EP
13,2018,79.412,70.61,22.0,0.0,0.0,0.0,Hors EP
13,2019,65.80199999999999,55.25,19.77,0.0,0.0,1.0,REP+
13,2020,80.332,97.55,24.7,0.0,0.0,0.0,Hors EP
13,2021,73.90799999999999,68.26,17.22,1.0,1.0,0.0,REP
13,2022,86.824,91.28,13.8,0.0,0.0,0.0,Hors EP
13,2023,80.84,81.51,17.77,0.0,0.0,0.0,Hors EP
14,2017,76.786,71.06,12.0,0.0,0.0,0.0,Hors EP
14,2018,82.412,40.0,14.289999999999997,0.0,0.0,0.0,Hors EP
14,2019,69.982,72.23,20.77,0.0,0.0,1.0,REP+
14,2020,82.804,79.98,16.44,0.0,0.0,0.0,Hors EP
14,2021,76.99600000000001,71.89,16.97,1.0,1.0,0.0,REP
14,2022,76.84400000000001,54.81,15.77,1.0,1.0,0.0,REP
14,2023,75.712,89.42,15.84,1.0,0.0,1.0,REP+
15,2017,81.174,64.01,21.81,0.0,0.0,0.0,Hors EP
15,2018,72.19800000000001,74.39,17.04,1.0,1.0,0.0,REP
15,2019,68.262,85.93,18.63,0.0,0.0,1.0,REP+
15,2020,60.662,88.73,30.0,0.0,1.0,0.0,REP
15,2021,82.21799999999999,72.24,12.58,0.0,0.0,0.0,Hors EP
15,2022,74.076,54.34000000000001,18.44,0.0,1.0,0.0,REP
15,2023,79.96000000000001,80.9,14.51,1.0,1.0,0.0,REP
16,2017,68.75399999999999,43.95,13.580000000000002,1.0,0.0,1.0,REP+
16,2018,70.536,86.14,14.1,1.0,0.0,1.0,REP+
16,2019,75.65,86.88,14.23,1.0,1.0,0.0,REP
16,2020,80.336,73.48,19.92,0.0,0.0,0.0,Hors EP
16,2021,85.138,61.35,15.51,0.0,0.0,0.0,Hors EP
16,2022,81.20599999999999,62.2,19.74,0.0,0.0,0.0,Hors EP
16,2023,80.16,76.18,12.0,1.0,1.0,0.0,REP
17,2017,79.5,83.49,18.89,0.0,0.0,0.0,Hors EP
17,2018,74.166,92.36,12.72,1.0,1.0,0.0,REP
17,2019,64.83200000000001,61.7,21.93,0.0,1.0,0.0,REP
17,2020,83.238,77.94,18.66,0.0,0.0,0.0,Hors EP
17,2021,75.822,73.62,19.11,0.0,1.0,0.0,REP
17,2022,85.362,56.42999999999999,18.41,0.0,0.0,0.0,Hors EP
17,2023,78.89,54.79,16.13,1.0,1.0,0.0,REP
18,2017,67.11,96.09,18.12,0.0,1.0,0.0,REP
18,2018,76.392,77.74,12.2,1.0,1.0,0.0,REP
18,2019,74.326,71.72,28.21,0.0,0.0,0.0,Hors EP
18,2020,81.832,66.13,12.0,0.0,0.0,0.0,Hors EP
18,2021,79.426,80.69,12.0,0.0,0.0,0.0,Hors EP
18,2022,85.242,91.7,15.930000000000001,0.0,0.0,0.0,Hors EP
18,2023,73.582,56.06,14.74,1.0,0.0,1.0,REP+
19,2017,68.828,99.31,16.07,1.0,0.0,1.0,REP+
19,2018,85.23400000000001,44.15,14.36,0.0,0.0,0.0,Hors EP
19,2019,82.962,51.77,17.36,0.0,0.0,0.0,Hors EP
19,2020,81.662,92.28,20.57,0.0,0.0,0.0,Hors EP
19,2021,82.308,92.98,12.11,0.0,0.0,0.0,Hors EP
19,2022,73.36800000000001,89.0,24.45,0.0,0.0,0.0,Hors EP
19,2023,80.5,85.75,12.0,1.0,1.0,0.0,REP
20,2017,71.888,56.010000000000005,19.29,0.0,1.0,0.0,REP
20,2018,77.362,77.56,16.38,1.0,1.0,0.0,REP
20,2019,76.326,73.06,25.16,0.0,0.0,0.0,Hors EP
20,2020,69.346,64.43,16.75,1.0,0.0,1.0,REP+
20,2021,83.102,90.07,17.83,0.0,0.0,0.0,Hors EP
20,2022,72.284,82.31,12.0,1.0,0.0,1.0,REP+
20,2023,81.112,90.67,12.0,0.0,0.0,0.0,Hors EP
21,2017,69.578,61.92999999999999,18.53,0.0,1.0,0.0,REP
21,2018,74.466,65.93,13.3,1.0,1.0,0.0,REP
21,2019,72.13,64.92,12.0,1.0,0.0,1.0,REP+
21,2020,70.40799999999999,93.98,15.62,1.0,0.0,1.0,REP+
21,2021,75.56800000000001,58.489999999999995,16.23,1.0,0.0,1.0,REP+
21,2022,85.48400000000001,69.83,16.19,0.0,0.0,0.0,Hors EP
21,2023,75.426,81.52,12.0,1.0,0.0,1.0,REP+
22,2017,73.576,73.84,24.55,0.0,0.0,0.0,Hors EP
22,2018,82.02799999999999,82.73,16.26,0.0,0.0,0.0,Hors EP
22,2019,75.428,92.99,12.0,1.0,1.0,0.0,REP
22,2020,72.97,52.40999999999999,12.0,1.0,0.0,1.0,REP+
22,2021,75.088,84.19,18.73,0.0,1.0,0.0,REP
22,2022,87.11,77.26,12.0,0.0,0.0,0.0,Hors EP
22,2023,80.74,53.5,14.190000000000001,1.0,1.0,0.0,REP
23,2017,79.634,76.15,20.5,0.0,0.0,0.0,Hors EP
23,2018,75.8,87.35,12.5,1.0,1.0,0.0,REP
23,2019,83.056,77.1,15.65,0.0,0.0,0.0,Hors EP
23,2020,71.262,63.8,12.0,1.0,0.0,1.0,REP+
23,2021,84.296,69.44,19.01,0.0,0.0,0.0,Hors EP
23,2022,85.454,100.0,15.440000000000001,0.0,0.0,0.0,Hors EP
23,2023,86.264,79.12,13.49,0.0,0.0,0.0,Hors EP
24,2017,64.248,89.47,20.51,0.0,1.0,0.0,REP
24,2018,79.582,86.63,16.01,0.0,0.0,0.0,Hors EP
24,2019,70.968,94.83,20.7,0.0,1.0,0.0,REP
24,2020,82.326,71.05,18.87,0.0,0.0,0.0,Hors EP
24,2021,79.09,87.24,20.89,0.0,0.0,0.0,Hors EP
24,2022,73.13,85.69,12.0,1.0,0.0,1.0,REP+
24,2023,79.488,78.98,12.0,1.0,1.0,0.0,REP
25,2017,79.76,89.84,15.4,0.0,0.0,0.0,Hors EP
25,2018,70.15,55.92999999999999,13.6,1.0,0.0,1.0,REP+
25,2019,79.768,73.4,21.11,0.0,0.0,0.0,Hors EP
25,2020,76.314,74.19,13.210000000000003,1.0,1.0,0.0,REP
25,2021,84.05199999999999,89.98,12.0,0.0,0.0,0.0,Hors EP
25,2022,77.81800000000001,77.2,17.28,1.0,1.0,0.0,REP
25,2023,84.116,48.63,22.79,0.0,0.0,0.0,Hors EP
26,2017,69.11600000000001,91.08,12.65,1.0,1.0,0.0,REP
26,2018,81.72200000000001,50.81,12.0,0.0,0.0,0.0,Hors EP
26,2019,84.196,53.07000000000001,13.0,0.0,0.0,0.0,Hors EP
26,2020,84.474,69.17,20.73,0.0,0.0,0.0,Hors EP
26,2021,84.688,83.68,15.470000000000002,0.0,0.0,0.0,Hors EP
26,2022,87.814,72.54,16.7,0.0,0.0,0.0,Hors EP
26,2023,84.106,75.4,25.25,0.0,0.0,0.0,Hors EP
27,2017,76.334,95.35,17.22,0.0,0.0,0.0,Hors EP
27,2018,83.03,65.48,17.78,0.0,0.0,0.0,Hors EP
27,2019,74.266,85.72,16.65,1.0,1.0,0.0,REP
27,2020,72.716,67.07,27.48,0.0,0.0,0.0,Hors EP
27,2021,78.998,72.75,15.529999999999998,1.0,1.0,0.0,REP
27,2022,88.018,54.239999999999995,15.720000000000002,0.0,0.0,0.0,Hors EP
27,2023,85.39399999999999,57.029999999999994,15.51,0.0,0.0,0.0,Hors EP
28,2017,72.99,77.88,28.72,0.0,0.0,0.0,Hors EP
28,2018,71.38,74.39,17.77,1.0,1.0,0.0,REP
28,2019,69.362,52.92999999999999,12.0,1.0,0.0,1.0,REP+
28,2020,81.022,73.36,19.1,0.0,0.0,0.0,Hors EP
28,2021,84.42,84.75,12.0,0.0,0.0,0.0,Hors EP
28,2022,85.146,92.89,16.4,0.0,0.0,0.0,Hors EP
28,2023,89.398,69.45,17.67,0.0,0.0,0.0,Hors EP
29,2017,79.322,57.57000000000001,16.9,0.0,0.0,0.0,Hors EP
29,2018,82.75,68.54,14.539999999999997,0.0,0.0,0.0,Hors EP
29,2019,74.712,64.18,17.03,1.0,1.0,0.0,REP
29,2020,73.05,82.51,21.52,0.0,1.0,0.0,REP
29,2021,80.8,84.85,19.87,0.0,0.0,0.0,Hors EP
29,2022,82.006,99.9,14.12,0.0,0.0,0.0,Hors EP
29,2023,86.416,82.19,16.72,0.0,0.0,0.0,Hors EP
30,2017,81.662,82.74,19.27,0.0,0.0,0.0,Hors EP
30,2018,79.464,75.61,20.31,0.0,0.0,0.0,Hors EP
30,2019,75.818,83.71,12.0,1.0,1.0,0.0,REP
30,2020,70.088,76.71,12.0,1.0,0.0,1.0,REP+
30,2021,81.56,67.24,12.0,1.0,1.0,0.0,REP
30,2022,77.012,90.01,16.19,1.0,1.0,0.0,REP
30,2023,75.332,75.82,15.8,1.0,0.0,1.0,REP+
31,2017,79.286,57.79,13.15,1.0,1.0,0.0,REP
31,2018,69.618,87.2,12.0,1.0,0.0,1.0,REP+
31,2019,75.99600000000001,92.6,16.29,1.0,1.0,0.0,REP
31,2020,80.888,69.96,16.64,0.0,0.0,0.0,Hors EP
31,2021,83.08,66.07,12.0,0.0,0.0,0.0,Hors EP
31,2022,72.53200000000001,63.86999999999999,12.23,1.0,0.0,1.0,REP+
31,2023,79.664,77.09,13.0,1.0,1.0,0.0,REP
32,2017,72.838,77.56,12.0,1.0,1.0,0.0,REP
32,2018,83.03,68.69,12.66,0.0,0.0,0.0,Hors EP
32,2019,84.412,67.21,12.69,0.0,0.0,0.0,Hors EP
32,2020,79.786,56.08,16.13,1.0,1.0,0.0,REP
32,2021,76.49,51.40999999999999,12.0,1.0,0.0,1.0,REP+
32,2022,77.36600000000001,54.39,16.48,1.0,1.0,0.0,REP
32,2023,80.458,64.73,14.569999999999999,1.0,1.0,0.0,REP
33,2017,68.292,76.82,12.0,1.0,0.0,1.0,REP+
33,2018,68.49199999999999,62.510000000000005,18.98,0.0,0.0,1.0,REP+
33,2019,80.65799999999999,74.5,16.12,0.0,0.0,0.0,Hors EP
33,2020,85.922,75.59,12.0,0.0,0.0,0.0,Hors EP
33,2021,84.684,69.57,14.169999999999998,0.0,0.0,0.0,Hors EP
33,2022,84.216,53.56,22.12,0.0,0.0,0.0,Hors EP
33,2023,86.636,82.65,20.33,0.0,0.0,0.0,Hors EP
34,2017,82.0,70.35,18.14,0.0,0.0,0.0,Hors EP
34,2018,74.71000000000001,86.62,16.47,1.0,0.0,1.0,REP+
34,2019,86.28,100.0,12.0,0.0,0.0,0.0,Hors EP
34,2020,74.426,58.90999999999999,14.25,1.0,0.0,1.0,REP+
34,2021,81.40799999999999,76.07,12.0,0.0,0.0,0.0,Hors EP
34,2022,80.874,70.94,21.28,0.0,0.0,0.0,Hors EP
34,2023,76.142,81.83,13.720000000000002,1.0,1.0,0.0,REP
35,2017,79.708,84.72,15.8,0.0,0.0,0.0,Hors EP
35,2018,66.05199999999999,98.47,19.81,0.0,1.0,0.0,REP
35,2019,67.352,63.79,12.0,1.0,0.0,1.0,REP+
35,2020,82.9,49.55,12.3,0.0,0.0,0.0,Hors EP
35,2021,78.204,72.94,12.12,1.0,1.0,0.0,REP
35,2022,79.578,80.34,24.9,0.0,0.0,0.0,Hors EP
35,2023,82.798,67.43,17.62,1.0,1.0,0.0,REP
36,2017,72.744,68.91,14.440000000000001,1.0,1.0,0.0,REP
36,2018,74.608,97.75,21.81,0.0,0.0,0.0,Hors EP
36,2019,76.736,76.11,12.13,1.0,1.0,0.0,REP
36,2020,75.84200000000001,75.97,12.33,1.0,1.0,0.0,REP
36,2021,77.854,70.75,12.0,1.0,0.0,1.0,REP+
36,2022,78.954,59.09000000000001,12.0,1.0,1.0,0.0,REP
36,2023,82.94800000000001,81.07,17.6,0.0,0.0,0.0,Hors EP
37,2017,81.022,69.94,18.46,0.0,0.0,0.0,Hors EP
37,2018,71.432,68.69,15.27,1.0,0.0,1.0,REP+
37,2019,82.478,55.77,16.98,0.0,0.0,0.0,Hors EP
37,2020,82.31800000000001,43.88,17.05,0.0,0.0,0.0,Hors EP
37,2021,72.138,80.99,12.0,1.0,0.0,1.0,REP+
37,2022,84.9,45.96,16.55,0.0,0.0,0.0,Hors EP
37,2023,81.804,57.81,23.38,0.0,0.0,0.0,Hors EP
38,2017,75.324,77.79,13.74,1.0,1.0,0.0,REP
38,2018,73.03999999999999,74.12,17.01,1.0,1.0,0.0,REP
38,2019,75.128,86.33,13.7,1.0,0.0,1.0,REP+
38,2020,80.188,56.55,15.64,0.0,0.0,0.0,Hors EP
38,2021,84.182,62.17,17.44,0.0,0.0,0.0,Hors EP
38,2022,69.76,72.78,19.32,0.0,0.0,1.0,REP+
38,2023,87.34,91.36,21.83,0.0,0.0,0.0,Hors EP
39,2017,73.19,78.69,16.53,1.0,1.0,0.0,REP
39,2018,83.19800000000001,87.11,17.58,0.0,0.0,0.0,Hors EP
39,2019,76.526,75.69,24.58,0.0,0.0,0.0,Hors EP
39,2020,79.964,54.14,16.71,1.0,1.0,0.0,REP
39,2021,72.886,76.69,12.0,1.0,0.0,1.0,REP+
39,2022,80.212,87.02,12.47,1.0,1.0,0.0,REP
39,2023,80.22999999999999,47.74,12.0,1.0,1.0,0.0,REP
40,2017,65.366,66.23,19.47,0.0,0.0,1.0,REP+
40,2018,83.126,67.01,17.77,0.0,0.0,0.0,Hors EP
40,2019,87.15599999999999,72.22,12.74,0.0,0.0,0.0,Hors EP
40,2020,75.064,60.970000000000006,15.029999999999998,1.0,1.0,0.0,REP
40,2021,67.99,66.62,22.15,0.0,1.0,0.0,REP
40,2022,79.69200000000001,85.24,12.0,1.0,1.0,0.0,REP
40,2023,78.798,84.65,16.01,1.0,1.0,0.0,REP
41,2017,71.63199999999999,66.2,12.0,1.0,0.0,1.0,REP+
41,2018,82.75,57.29,12.46,0.0,0.0,0.0,Hors EP
41,2019,78.626,81.61,20.06,0.0,0.0,0.0,Hors EP
41,2020,82.976,79.51,18.42,0.0,0.0,0.0,Hors EP
41,2021,79.47,84.38,15.779999999999998,0.0,0.0,0.0,Hors EP
41,2022,84.474,68.51,21.6,0.0,0.0,0.0,Hors EP
41,2023,90.168,53.35,17.32,0.0,0.0,0.0,Hors EP
42,2017,80.322,72.5,12.0,0.0,0.0,0.0,Hors EP
42,2018,65.464,67.23,22.77,0.0,1.0,0.0,REP
42,2019,78.708,73.35,14.51,1.0,1.0,0.0,REP
42,2020,84.396,60.0,17.26,0.0,0.0,0.0,Hors EP
42,2021,69.088,67.12,20.75,0.0,0.0,1.0,REP+
42,2022,87.81800000000001,68.22,16.39,0.0,0.0,0.0,Hors EP
42,2023,73.564,84.6,12.0,1.0,0.0,1.0,REP+
43,2017,72.762,73.54,13.580000000000002,1.0,0.0,1.0,REP+
43,2018,80.84,83.85,19.58,0.0,0.0,0.0,Hors EP
43,2019,85.676,85.27,16.83,0.0,0.0,0.0,Hors EP
43,2020,81.976,97.87,16.38,0.0,0.0,0.0,Hors EP
43,2021,68.242,83.22,25.09,0.0,1.0,0.0,REP
43,2022,83.236,91.16,21.02,0.0,0.0,0.0,Hors EP
43,2023,75.664,70.44,12.0,1.0,1.0,0.0,REP
44,2017,62.754,100.0,20.44,0.0,0.0,1.0,REP+
44,2018,78.652,92.58,14.970000000000002,0.0,0.0,0.0,Hors EP
44,2019,81.412,58.46,18.14,0.0,0.0,0.0,Hors EP
44,2020,80.526,60.48,12.0,1.0,1.0,0.0,REP
44,2021,76.542,94.59,16.05,1.0,1.0,0.0,REP
44,2022,85.542,59.33,18.03,0.0,0.0,0.0,Hors EP
44,2023,87.786,72.42,16.76,0.0,0.0,0.0,Hors EP
45,2017,69.14200000000001,80.38,17.26,1.0,0.0,1.0,REP+
45,2018,75.096,80.83,22.06,0.0,0.0,0.0,Hors EP
45,2019,77.954,69.16,14.85,1.0,1.0,0.0,REP
45,2020,72.33000000000001,90.14,12.74,1.0,1.0,0.0,REP
45,2021,84.112,46.7,15.98,0.0,0.0,0.0,Hors EP
45,2022,69.934,99.02,12.0,1.0,0.0,1.0,REP+
45,2023,82.272,69.39,17.57,1.0,1.0,0.0,REP
46,2017,66.83,70.62,22.47,0.0,1.0,0.0,REP
46,2018,81.36,53.07000000000001,18.81,0.0,0.0,0.0,Hors EP
46,2019,83.524,72.8,12.0,0.0,0.0,0.0,Hors EP
46,2020,80.418,74.1,20.91,0.0,0.0,0.0,Hors EP
46,2021,71.77799999999999,74.68,19.28,0.0,1.0,0.0,REP
46,2022,75.512,77.87,17.4,1.0,0.0,1.0,REP+
46,2023,83.97200000000001,100.0,15.470000000000002,0.0,0.0,0.0,Hors EP
47,2017,76.214,75.82,22.33,0.0,0.0,0.0,Hors EP
47,2018,80.446,89.57,20.77,0.0,0.0,0.0,Hors EP
47,2019,73.274,46.31,12.0,1.0,1.0,0.0,REP
47,2020,71.34,62.11999999999999,26.07,0.0,0.0,0.0,Hors EP
47,2021,83.646,89.43,16.74,0.0,0.0,0.0,Hors EP
47,2022,84.3,92.54,12.0,0.0,0.0,0.0,Hors EP
47,2023,81.66,100.0,19.84,0.0,0.0,0.0,Hors EP
48,2017,84.072,74.08,14.569999999999999,0.0,0.0,0.0,Hors EP
48,2018,69.394,74.62,18.23,0.0,1.0,0.0,REP
48,2019,81.84,66.25,20.33,0.0,0.0,0.0,Hors EP
48,2020,74.654,56.17,14.220000000000002,1.0,1.0,0.0,REP
48,2021,74.06,84.49,12.0,1.0,0.0,1.0,REP+
48,2022,81.916,63.52,17.03,1.0,1.0,0.0,REP
48,2023,86.828,73.17,12.0,0.0,0.0,0.0,Hors EP
49,2017,79.46600000000001,77.88,15.809999999999999,0.0,0.0,0.0,Hors EP
49,2018,63.2,76.96,20.73,0.0,0.0,1.0,REP+
49,2019,83.20599999999999,65.73,17.28,0.0,0.0,0.0,Hors EP
49,2020,80.176,93.32,15.45,0.0,0.0,0.0,Hors EP
49,2021,74.836,86.5,16.8,1.0,1.0,0.0,REP
49,2022,85.446,58.06,21.82,0.0,0.0,0.0,Hors EP
49,2023,86.866,64.95,13.09,0.0,0.0,0.0,Hors EP
50,2017,71.86600000000001,63.92999999999999,17.78,1.0,0.0,1.0,REP+
50,2018,80.25800000000001,85.85,12.0,0.0,0.0,0.0,Hors EP
50,2019,75.548,91.65,24.39,0.0,0.0,0.0,Hors EP
50,2020,73.034,79.71,30.0,0.0,0.0,0.0,Hors EP
50,2021,76.91,58.2,23.48,0.0,0.0,0.0,Hors EP
50,2022,80.566,67.12,14.52,1.0,1.0,0.0,REP
50,2023,80.02799999999999,92.27,12.0,1.0,1.0,0.0,REP
51,2017,76.612,60.84000000000001,24.83,0.0,0.0,0.0,Hors EP
51,2018,80.05799999999999,82.93,16.46,0.0,0.0,0.0,Hors EP
51,2019,83.248,53.779999999999994,12.0,0.0,0.0,0.0,Hors EP
51,2020,76.46799999999999,71.03,12.0,1.0,1.0,0.0,REP
51,2021,85.212,92.71,18.3,0.0,0.0,0.0,Hors EP
51,2022,82.47,63.21,18.84,0.0,0.0,0.0,Hors EP
51,2023,74.536,73.13,19.63,0.0,0.0,1.0,REP+
52,2017,68.28999999999999,94.68,12.0,1.0,0.0,1.0,REP+
52,2018,68.78,66.39,19.42,0.0,1.0,0.0,REP
52,2019,80.3,64.92,18.59,0.0,0.0,0.0,Hors EP
52,2020,85.77799999999999,69.11,12.0,0.0,0.0,0.0,Hors EP
52,2021,77.012,76.86,12.0,1.0,1.0,0.0,REP
52,2022,84.11600000000001,61.69,20.39,0.0,0.0,0.0,Hors EP
52,2023,82.604,59.82000000000001,19.48,0.0,0.0,0.0,Hors EP
53,2017,84.37,80.6,12.0,0.0,0.0,0.0,Hors EP
53,2018,71.236,57.31,18.57,0.0,1.0,0.0,REP
53,2019,71.81,76.91,19.06,0.0,1.0,0.0,REP
53,2020,83.938,71.55,20.26,0.0,0.0,0.0,Hors EP
53,2021,69.436,66.79,15.289999999999997,1.0,0.0,1.0,REP+
53,2022,85.83,83.14,12.48,0.0,0.0,0.0,Hors EP
53,2023,85.76,63.48,15.89,0.0,0.0,0.0,Hors EP
54,2017,75.414,49.76,15.819999999999999,1.0,1.0,0.0,REP
54,2018,77.848,98.79,14.279999999999998,1.0,1.0,0.0,REP
54,2019,72.886,69.59,12.0,1.0,1.0,0.0,REP
54,2020,75.92,55.27,14.8,1.0,1.0,0.0,REP
54,2021,74.81,50.88,18.95,0.0,1.0,0.0,REP
54,2022,84.636,83.48,23.04,0.0,0.0,0.0,Hors EP
54,2023,76.628,75.42,16.05,1.0,0.0,1.0,REP+
55,2017,79.464,53.90999999999999,20.53,0.0,0.0,0.0,Hors EP
55,2018,79.16799999999999,100.0,22.84,0.0,0.0,0.0,Hors EP
55,2019,84.292,83.23,15.41,0.0,0.0,0.0,Hors EP
55,2020,73.15,90.77,17.96,1.0,0.0,1.0,REP+
55,2021,86.226,86.45,14.2,0.0,0.0,0.0,Hors EP
55,2022,79.82,51.61,23.08,0.0,0.0,0.0,Hors EP
55,2023,85.69,83.93,17.85,0.0,0.0,0.0,Hors EP
56,2017,70.436,74.48,17.0,1.0,0.0,1.0,REP+
56,2018,83.104,67.41,12.0,0.0,0.0,0.0,Hors EP
56,2019,72.376,64.71,18.52,0.0,1.0,0.0,REP
56,2020,85.45,84.41,17.6,0.0,0.0,0.0,Hors EP
56,2021,79.796,87.63,13.279999999999998,1.0,1.0,0.0,REP
56,2022,82.73400000000001,68.41,23.12,0.0,0.0,0.0,Hors EP
56,2023,78.168,68.05,13.779999999999998,1.0,1.0,0.0,REP
57,2017,71.55199999999999,69.14,13.039999999999997,1.0,0.0,1.0,REP+
57,2018,73.326,61.35,25.13,0.0,0.0,0.0,Hors EP
57,2019,82.316,81.96,12.43,0.0,0.0,0.0,Hors EP
57,2020,81.642,66.19,12.0,0.0,0.0,0.0,Hors EP
57,2021,80.564,77.01,21.29,0.0,0.0,0.0,Hors EP
57,2022,78.204,51.54,22.82,0.0,0.0,0.0,Hors EP
57,2023,72.362,57.779999999999994,20.67,0.0,1.0,0.0,REP
58,2017,75.066,84.9,21.71,0.0,0.0,0.0,Hors EP
58,2018,81.78,65.95,17.59,0.0,0.0,0.0,Hors EP
58,2019,68.92,68.98,16.92,1.0,0.0,1.0,REP+
58,2020,69.652,67.98,21.45,0.0,1.0,0.0,REP
58,2021,84.602,59.83,12.0,0.0,0.0,0.0,Hors EP
58,2022,82.59,57.4,16.68,0.0,0.0,0.0,Hors EP
58,2023,79.596,69.05,12.0,1.0,1.0,0.0,REP
59,2017,68.208,70.53,16.79,1.0,0.0,1.0,REP+
59,2018,78.678,55.6,18.32,0.0,0.0,0.0,Hors EP
59,2019,75.7,94.28,23.05,0.0,0.0,0.0,Hors EP
59,2020,79.00800000000001,60.529999999999994,22.16,0.0,0.0,0.0,Hors EP
59,2021,83.654,64.93,18.47,0.0,0.0,0.0,Hors EP
59,2022,88.666,54.02,14.970000000000002,0.0,0.0,0.0,Hors EP
59,2023,84.14200000000001,89.95,13.559999999999999,0.0,0.0,0.0,Hors EP
60,2017,65.146,51.6,23.93,0.0,1.0,0.0,REP
60,2018,73.618,90.95,12.0,1.0,1.0,0.0,REP
60,2019,79.666,77.03,16.67,0.0,0.0,0.0,Hors EP
60,2020,63.54,68.06,24.9,0.0,1.0,0.0,REP
60,2021,82.196,47.61,17.24,0.0,0.0,0.0,Hors EP
60,2022,82.51599999999999,54.25,20.52,0.0,0.0,0.0,Hors EP
60,2023,81.09400000000001,54.85,19.68,0.0,0.0,0.0,Hors EP
61,2017,73.67999999999999,90.55,12.0,1.0,1.0,0.0,REP
61,2018,63.738,86.76,29.089999999999996,0.0,1.0,0.0,REP
61,2019,74.30199999999999,91.96,12.48,1.0,0.0,1.0,REP+
61,2020,74.25399999999999,66.89,25.82,0.0,0.0,0.0,Hors EP
61,2021,83.548,84.55,22.81,0.0,0.0,0.0,Hors EP
61,2022,79.122,77.1,12.0,1.0,1.0,0.0,REP
61,2023,73.702,74.86,14.440000000000001,1.0,0.0,1.0,REP+
62,2017,65.276,69.61,19.89,0.0,0.0,1.0,REP+
62,2018,78.672,63.33,22.99,0.0,0.0,0.0,Hors EP
62,2019,75.562,63.21,14.819999999999999,1.0,0.0,1.0,REP+
62,2020,78.28,64.71,14.470000000000002,1.0,1.0,0.0,REP
62,2021,80.98400000000001,87.21,24.34,0.0,0.0,0.0,Hors EP
62,2022,82.494,66.34,23.33,0.0,0.0,0.0,Hors EP
62,2023,75.91,58.77,17.79,1.0,1.0,0.0,REP
63,2017,78.484,63.86,14.74,0.0,0.0,0.0,Hors EP
63,2018,82.986,71.41,14.669999999999998,0.0,0.0,0.0,Hors EP
63,2019,78.04400000000001,64.82,12.0,1.0,1.0,0.0,REP
63,2020,75.622,64.4,15.220000000000002,1.0,1.0,0.0,REP
63,2021,79.674,90.46,16.11,0.0,0.0,0.0,Hors EP
63,2022,85.80600000000001,100.0,15.99,0.0,0.0,0.0,Hors EP
63,2023,76.662,64.25,25.47,0.0,0.0,0.0,Hors EP
64,2017,76.21799999999999,86.4,18.13,0.0,0.0,0.0,Hors EP
64,2018,70.668,62.83,12.0,1.0,0.0,1.0,REP+
64,2019,75.764,48.64,24.81,0.0,0.0,0.0,Hors EP
64,2020,81.458,77.63,18.36,0.0,0.0,0.0,Hors EP
64,2021,73.714,77.47,16.3,1.0,0.0,1.0,REP+
64,2022,82.94,69.64,12.0,0.0,0.0,0.0,Hors EP
64,2023,86.114,86.3,12.0,0.0,0.0,0.0,Hors EP
65,2017,76.03999999999999,89.7,23.1,0.0,0.0,0.0,Hors EP
65,2018,81.494,92.08,12.66,0.0,0.0,0.0,Hors EP
65,2019,76.902,46.99,22.84,0.0,0.0,0.0,Hors EP
65,2020,84.91,68.87,15.45,0.0,0.0,0.0,Hors EP
65,2021,71.72200000000001,82.27,18.7,0.0,1.0,0.0,REP
65,2022,78.354,53.61,12.9,1.0,1.0,0.0,REP
65,2023,82.426,68.03,13.26,0.0,0.0,0.0,Hors EP
66,2017,78.248,94.27,12.0,0.0,0.0,0.0,Hors EP
66,2018,79.704,71.08,19.38,0.0,0.0,0.0,Hors EP
66,2019,81.01,71.02,12.0,0.0,0.0,0.0,Hors EP
66,2020,84.412,99.8,12.0,0.0,0.0,0.0,Hors EP
66,2021,80.81800000000001,80.11,13.75,0.0,0.0,0.0,Hors EP
66,2022,81.434,67.63,19.48,0.0,0.0,0.0,Hors EP
66,2023,74.25,51.29,12.0,1.0,0.0,1.0,REP+
67,2017,71.886,79.51,23.73,0.0,0.0,0.0,Hors EP
67,2018,73.066,88.46,16.47,1.0,1.0,0.0,REP
67,2019,76.934,77.16,12.0,1.0,1.0,0.0,REP
67,2020,66.842,98.8,20.88,0.0,0.0,1.0,REP+
67,2021,70.386,61.15,18.69,0.0,1.0,0.0,REP
67,2022,85.09,85.1,16.81,0.0,0.0,0.0,Hors EP
67,2023,83.932,57.8,16.34,0.0,0.0,0.0,Hors EP
68,2017,73.78,77.1,22.45,0.0,0.0,0.0,Hors EP
68,2018,81.98400000000001,69.5,12.6,0.0,0.0,0.0,Hors EP
68,2019,83.858,87.86,16.32,0.0,0.0,0.0,Hors EP
68,2020,72.452,80.51,12.0,1.0,1.0,0.0,REP
68,2021,84.062,58.63000000000001,19.73,0.0,0.0,0.0,Hors EP
68,2022,79.91,91.54,17.82,1.0,1.0,0.0,REP
68,2023,79.92999999999999,75.17,22.59,0.0,0.0,0.0,Hors EP
69,2017,76.94800000000001,73.98,15.779999999999998,0.0,0.0,0.0,Hors EP
69,2018,82.79400000000001,71.52,12.0,0.0,0.0,0.0,Hors EP
69,2019,82.078,72.14,12.15,0.0,0.0,0.0,Hors EP
69,2020,77.322,50.25,21.94,0.0,0.0,0.0,Hors EP
69,2021,80.764,67.15,12.0,1.0,1.0,0.0,REP
69,2022,82.506,78.58,16.93,0.0,0.0,0.0,Hors EP
69,2023,85.114,71.74,14.37,0.0,0.0,0.0,Hors EP
70,2017,68.738,64.59,12.0,1.0,0.0,1.0,REP+
70,2018,82.742,78.63,15.85,0.0,0.0,0.0,Hors EP
70,2019,75.874,74.1,23.8,0.0,0.0,0.0,Hors EP
70,2020,78.502,75.1,12.0,0.0,0.0,0.0,Hors EP
70,2021,73.116,71.42,12.0,1.0,0.0,1.0,REP+
70,2022,83.374,68.88,12.0,0.0,0.0,0.0,Hors EP
70,2023,79.994,83.04,12.0,0.0,0.0,0.0,Hors EP
71,2017,82.39,62.81,15.210000000000003,0.0,0.0,0.0,Hors EP
71,2018,72.954,80.26,12.0,1.0,1.0,0.0,REP
71,2019,86.478,82.88,12.0,0.0,0.0,0.0,Hors EP
71,2020,86.558,65.2,16.32,0.0,0.0,0.0,Hors EP
71,2021,89.502,53.3,16.25,0.0,0.0,0.0,Hors EP
71,2022,80.65599999999999,77.9,12.0,1.0,1.0,0.0,REP
71,2023,82.006,68.54,15.95,0.0,0.0,0.0,Hors EP
72,2017,75.05799999999999,74.95,12.0,0.0,0.0,0.0,Hors EP
72,2018,73.902,60.720000000000006,17.38,1.0,1.0,0.0,REP
72,2019,69.576,56.11999999999999,14.23,1.0,0.0,1.0,REP+
72,2020,83.60799999999999,54.52,20.14,0.0,0.0,0.0,Hors EP
72,2021,75.314,85.49,12.02,1.0,0.0,1.0,REP+
72,2022,83.72200000000001,73.97,17.04,0.0,0.0,0.0,Hors EP
72,2023,77.412,71.48,28.22,0.0,0.0,0.0,Hors EP
73,2017,66.99,67.74,16.49,1.0,0.0,1.0,REP+
73,2018,70.55,85.82,22.21,0.0,1.0,0.0,REP
73,2019,74.22200000000001,49.11,12.0,1.0,1.0,0.0,REP
73,2020,77.072,100.0,13.35,1.0,1.0,0.0,REP
73,2021,84.922,65.51,18.94,0.0,0.0,0.0,Hors EP
73,2022,73.248,84.9,12.0,1.0,0.0,1.0,REP+
73,2023,86.154,59.04,15.51,0.0,0.0,0.0,Hors EP
74,2017,73.376,93.82,21.87,0.0,0.0,0.0,Hors EP
74,2018,75.334,50.11,12.95,1.0,1.0,0.0,REP
74,2019,78.358,80.9,15.430000000000001,0.0,0.0,0.0,Hors EP
74,2020,78.84,60.86999999999999,12.32,1.0,1.0,0.0,REP
74,2021,73.828,77.83,12.0,1.0,0.0,1.0,REP+
74,2022,71.72,55.58,13.1,1.0,0.0,1.0,REP+
74,2023,78.66,67.63,19.67,0.0,1.0,0.0,REP
75,2017,82.164,67.81,19.04,0.0,0.0,0.0,Hors EP
75,2018,72.78200000000001,61.970000000000006,13.65,1.0,0.0,1.0,REP+
75,2019,80.0,62.75,17.04,0.0,0.0,0.0,Hors EP
75,2020,82.514,83.39,14.419999999999998,0.0,0.0,0.0,Hors EP
75,2021,70.52000000000001,87.28,13.539999999999997,1.0,0.0,1.0,REP+
75,2022,81.896,52.32000000000001,17.79,0.0,0.0,0.0,Hors EP
75,2023,75.592,88.96,16.31,1.0,0.0,1.0,REP+
76,2017,73.72,97.32,17.78,1.0,1.0,0.0,REP
76,2018,68.292,81.28,15.35,1.0,1.0,0.0,REP
76,2019,74.28599999999999,62.45,20.51,0.0,1.0,0.0,REP
76,2020,75.984,91.56,21.9,0.0,0.0,0.0,Hors EP
76,2021,81.0,59.1,21.98,0.0,0.0,0.0,Hors EP
76,2022,79.4,55.48,12.0,1.0,1.0,0.0,REP
76,2023,88.804,65.14,16.23,0.0,0.0,0.0,Hors EP
77,2017,72.674,80.44,22.82,0.0,0.0,0.0,Hors EP
77,2018,69.938,60.15999999999999,12.0,1.0,0.0,1.0,REP+
77,2019,79.396,85.42,12.0,0.0,0.0,0.0,Hors EP
77,2020,78.804,78.68,12.0,1.0,1.0,0.0,REP
77,2021,69.93199999999999,44.25,18.41,0.0,0.0,1.0,REP+
77,2022,82.608,90.48,15.430000000000001,0.0,0.0,0.0,Hors EP
77,2023,76.288,88.64,15.289999999999997,1.0,1.0,0.0,REP
78,2017,79.146,57.760000000000005,15.38,0.0,0.0,0.0,Hors EP
78,2018,75.55799999999999,72.4,16.24,1.0,1.0,0.0,REP
78,2019,80.31800000000001,81.94,17.06,0.0,0.0,0.0,Hors EP
78,2020,74.786,68.93,17.08,1.0,1.0,0.0,REP
78,2021,77.924,70.7,16.55,1.0,1.0,0.0,REP
78,2022,85.088,74.46,18.71,0.0,0.0,0.0,Hors EP
78,2023,84.7,75.96,18.37,0.0,0.0,0.0,Hors EP
79,2017,78.78200000000001,47.13,19.1,0.0,0.0,0.0,Hors EP
79,2018,73.416,66.44,15.62,1.0,1.0,0.0,REP
79,2019,78.78999999999999,54.1,12.0,1.0,1.0,0.0,REP
79,2020,79.724,81.35,18.48,0.0,0.0,0.0,Hors EP
79,2021,81.516,68.27,14.539999999999997,1.0,1.0,0.0,REP
79,2022,75.624,81.31,12.63,1.0,1.0,0.0,REP
79,2023,75.47,62.61,14.470000000000002,1.0,0.0,1.0,REP+
80,2017,76.42,75.04,12.0,1.0,1.0,0.0,REP
80,2018,75.026,72.23,18.09,0.0,1.0,0.0,REP
80,2019,71.536,61.470000000000006,12.0,1.0,0.0,1.0,REP+
80,2020,77.23400000000001,84.05,12.46,1.0,1.0,0.0,REP
80,2021,83.17999999999999,78.33,16.81,0.0,0.0,0.0,Hors EP
80,2022,83.706,64.78,18.31,0.0,0.0,0.0,Hors EP
80,2023,74.94200000000001,65.32,14.39,1.0,0.0,1.0,REP+
81,2017,71.768,78.08,12.0,1.0,0.0,1.0,REP+
81,2018,83.848,50.99,12.0,0.0,0.0,0.0,Hors EP
81,2019,70.262,73.53,12.0,1.0,0.0,1.0,REP+
81,2020,73.072,50.92,15.819999999999999,1.0,0.0,1.0,REP+
81,2021,77.518,98.78,16.81,1.0,1.0,0.0,REP
81,2022,81.832,64.25,21.25,0.0,0.0,0.0,Hors EP
81,2023,84.2,80.3,17.34,1.0,1.0,0.0,REP
82,2017,78.582,40.0,20.54,0.0,0.0,0.0,Hors EP
82,2018,75.328,71.24,17.13,1.0,0.0,1.0,REP+
82,2019,81.07000000000001,73.4,18.45,0.0,0.0,0.0,Hors EP
82,2020,72.80799999999999,64.35,12.12,1.0,0.0,1.0,REP+
82,2021,82.9,95.12,19.9,0.0,0.0,0.0,Hors EP
82,2022,77.526,89.5,15.779999999999998,1.0,0.0,1.0,REP+
82,2023,86.316,78.26,12.0,0.0,0.0,0.0,Hors EP
83,2017,72.624,88.23,12.0,1.0,0.0,1.0,REP+
83,2018,63.779999999999994,74.87,24.73,0.0,0.0,1.0,REP+
83,2019,83.184,63.14,18.0,0.0,0.0,0.0,Hors EP
83,2020,77.57000000000001,85.53,14.89,1.0,1.0,0.0,REP
83,2021,75.75800000000001,91.79,26.670000000000005,0.0,0.0,0.0,Hors EP
83,2022,73.57000000000001,86.74,12.0,1.0,0.0,1.0,REP+
83,2023,85.24,70.47,22.35,0.0,0.0,0.0,Hors EP
84,2017,78.276,72.75,17.84,0.0,0.0,0.0,Hors EP
84,2018,80.322,74.05,12.02,0.0,0.0,0.0,Hors EP
84,2019,83.788,80.9,12.55,0.0,0.0,0.0,Hors EP
84,2020,71.486,55.55,14.430000000000001,1.0,0.0,1.0,REP+
84,2021,84.05199999999999,99.4,17.38,0.0,0.0,0.0,Hors EP
84,2022,79.252,75.86,26.85,0.0,0.0,0.0,Hors EP
84,2023,86.012,76.0,21.76,0.0,0.0,0.0,Hors EP
85,2017,81.842,62.010000000000005,12.0,0.0,0.0,0.0,Hors EP
85,2018,79.45,92.25,22.33,0.0,0.0,0.0,Hors EP
85,2019,80.436,71.59,20.13,0.0,0.0,0.0,Hors EP
85,2020,72.59400000000001,46.69,12.0,1.0,0.0,1.0,REP+
85,2021,78.314,74.73,15.89,1.0,1.0,0.0,REP
85,2022,79.478,82.08,17.29,1.0,1.0,0.0,REP
85,2023,81.348,79.89,21.73,0.0,0.0,0.0,Hors EP
86,2017,72.08,64.67,27.93,0.0,0.0,0.0,Hors EP
86,2018,65.788,74.49,25.52,0.0,1.0,0.0,REP
86,2019,78.162,52.61,15.529999999999998,1.0,1.0,0.0,REP
86,2020,84.99,74.26,12.0,0.0,0.0,0.0,Hors EP
86,2021,84.57000000000001,87.77,16.26,0.0,0.0,0.0,Hors EP
86,2022,76.252,85.26,28.2,0.0,0.0,0.0,Hors EP
86,2023,84.598,54.6,12.0,0.0,0.0,0.0,Hors EP
87,2017,77.726,60.15,21.29,0.0,0.0,0.0,Hors EP
87,2018,73.326,95.44,17.09,1.0,0.0,1.0,REP+
87,2019,82.72,79.07,15.45,0.0,0.0,0.0,Hors EP
87,2020,78.526,93.03,15.309999999999999,0.0,0.0,0.0,Hors EP
87,2021,84.65799999999999,75.46,14.220000000000002,0.0,0.0,0.0,Hors EP
87,2022,85.18199999999999,77.34,22.08,0.0,0.0,0.0,Hors EP
87,2023,86.27000000000001,80.36,12.0,0.0,0.0,0.0,Hors EP
88,2017,76.768,79.11,20.16,0.0,0.0,0.0,Hors EP
88,2018,71.944,100.0,25.68,0.0,0.0,0.0,Hors EP
88,2019,74.172,81.15,18.79,0.0,1.0,0.0,REP
88,2020,76.964,46.07,13.37,1.0,1.0,0.0,REP
88,2021,78.158,84.71,13.65,1.0,1.0,0.0,REP
88,2022,84.15799999999999,73.87,16.84,0.0,0.0,0.0,Hors EP
88,2023,80.03999999999999,63.65999999999999,14.88,1.0,1.0,0.0,REP
89,2017,82.72999999999999,73.27,17.2,0.0,0.0,0.0,Hors EP
89,2018,79.634,59.56,21.8,0.0,0.0,0.0,Hors EP
89,2019,79.93199999999999,100.0,20.79,0.0,0.0,0.0,Hors EP
89,2020,83.94800000000001,74.95,19.21,0.0,0.0,0.0,Hors EP
89,2021,73.15599999999999,46.8,12.55,1.0,0.0,1.0,REP+
89,2022,84.256,51.06,15.289999999999997,0.0,0.0,0.0,Hors EP
89,2023,65.93199999999999,58.5,22.75,0.0,0.0,1.0,REP+
90,2017,72.658,80.11,15.180000000000001,1.0,0.0,1.0,REP+
90,2018,81.252,69.2,18.79,0.0,0.0,0.0,Hors EP
90,2019,83.67999999999999,78.44,17.59,0.0,0.0,0.0,Hors EP
90,2020,77.22,94.2,22.91,0.0,0.0,0.0,Hors EP
90,2021,69.404,76.19,22.17,0.0,1.0,0.0,REP
90,2022,74.74,48.02,27.95,0.0,0.0,0.0,Hors EP
90,2023,86.774,74.06,18.88,0.0,0.0,0.0,Hors EP
91,2017,79.984,81.45,17.62,0.0,0.0,0.0,Hors EP
91,2018,77.702,94.59,19.01,0.0,0.0,0.0,Hors EP
91,2019,75.22,74.99,12.0,1.0,1.0,0.0,REP
91,2020,78.37,89.14,12.0,1.0,1.0,0.0,REP
91,2021,77.732,86.54,23.63,0.0,0.0,0.0,Hors EP
91,2022,79.85,80.14,14.64,1.0,1.0,0.0,REP
91,2023,76.66,86.99,16.44,1.0,0.0,1.0,REP+
92,2017,84.53999999999999,98.41,12.25,0.0,0.0,0.0,Hors EP
92,2018,77.654,69.95,12.0,1.0,1.0,0.0,REP
92,2019,81.8,77.78,12.0,0.0,0.0,0.0,Hors EP
92,2020,69.264,64.76,12.38,1.0,0.0,1.0,REP+
92,2021,85.716,74.08,17.29,0.0,0.0,0.0,Hors EP
92,2022,84.736,47.62,12.0,0.0,0.0,0.0,Hors EP
92,2023,85.26,92.12,15.59,0.0,0.0,0.0,Hors EP
93,2017,82.22,40.0,13.99,0.0,0.0,0.0,Hors EP
93,2018,71.7,64.53,18.45,0.0,1.0,0.0,REP
93,2019,80.88,46.98,12.0,0.0,0.0,0.0,Hors EP
93,2020,73.692,62.2,17.93,1.0,0.0,1.0,REP+
93,2021,65.97,82.64,22.26,0.0,1.0,0.0,REP
93,2022,80.558,99.09,12.31,0.0,0.0,0.0,Hors EP
93,2023,83.47,55.57000000000001,19.93,0.0,0.0,0.0,Hors EP
94,2017,86.196,92.58,12.0,0.0,0.0,0.0,Hors EP
94,2018,78.816,83.14,12.01,0.0,0.0,0.0,Hors EP
94,2019,79.866,68.17,17.95,0.0,0.0,0.0,Hors EP
94,2020,70.454,77.18,15.419999999999998,1.0,0.0,1.0,REP+
94,2021,81.44,78.15,19.25,0.0,0.0,0.0,Hors EP
94,2022,79.288,71.46,12.07,1.0,1.0,0.0,REP
94,2023,85.41799999999999,46.88,13.690000000000001,0.0,0.0,0.0,Hors EP
95,2017,79.97,71.48,20.8,0.0,0.0,0.0,Hors EP
95,2018,73.396,60.2,18.96,0.0,1.0,0.0,REP
95,2019,79.136,79.56,12.0,0.0,0.0,0.0,Hors EP
95,2020,81.87,87.89,15.35,0.0,0.0,0.0,Hors EP
95,2021,77.416,66.07,12.0,1.0,1.0,0.0,REP
95,2022,73.348,56.90999999999999,21.41,0.0,1.0,0.0,REP
95,2023,85.57000000000001,64.48,18.37,0.0,0.0,0.0,Hors EP
96,2017,73.45,62.21,20.27,0.0,0.0,0.0,Hors EP
96,2018,80.19,85.22,22.51,0.0,0.0,0.0,Hors EP
96,2019,61.17,77.75,20.25,0.0,0.0,1.0,REP+
96,2020,74.90799999999999,49.44,12.0,1.0,1.0,0.0,REP
96,2021,86.108,44.62,14.180000000000001,0.0,0.0,0.0,Hors EP
96,2022,84.888,88.22,14.13,0.0,0.0,0.0,Hors EP
96,2023,76.508,63.86999999999999,18.17,0.0,1.0,0.0,REP
97,2017,66.762,75.94,18.91,0.0,1.0,0.0,REP
97,2018,78.924,62.510000000000005,15.680000000000001,0.0,0.0,0.0,Hors EP
97,2019,86.012,73.08,15.190000000000001,0.0,0.0,0.0,Hors EP
97,2020,79.7,86.68,20.99,0.0,0.0,0.0,Hors EP
97,2021,68.338,77.22,12.0,1.0,0.0,1.0,REP+
97,2022,82.716,75.67,18.15,0.0,0.0,0.0,Hors EP
97,2023,89.588,77.45,13.960000000000003,0.0,0.0,0.0,Hors EP
98,2017,73.604,63.92,27.48,0.0,0.0,0.0,Hors EP
98,2018,78.886,67.61,12.0,0.0,0.0,0.0,Hors EP
98,2019,86.58,64.92,19.18,0.0,0.0,0.0,Hors EP
98,2020,81.21000000000001,87.61,14.45,1.0,1.0,0.0,REP
98,2021,78.16,72.85,14.11,1.0,1.0,0.0,REP
98,2022,70.886,55.2,14.39,1.0,0.0,1.0,REP+
98,2023,81.236,76.46,21.8,0.0,0.0,0.0,Hors EP
99,2017,65.72200000000001,79.58,12.69,1.0,0.0,1.0,REP+
99,2018,84.738,70.06,15.95,0.0,0.0,0.0,Hors EP
99,2019,86.23400000000001,57.69,12.04,0.0,0.0,0.0,Hors EP
99,2020,68.924,75.49,14.669999999999998,1.0,0.0,1.0,REP+
99,2021,80.042,55.489999999999995,14.940000000000001,1.0,1.0,0.0,REP
99,2022,85.852,97.01,12.0,0.0,0.0,0.0,Hors EP
99,2023,85.61800000000001,74.32,18.68,0.0,0.0,0.0,Hors EP
100,2017,73.712,74.96,12.0,1.0,0.0,1.0,REP+
100,2018,70.298,92.79,12.0,1.0,0.0,1.0,REP+
100,2019,76.492,67.24,13.35,1.0,1.0,0.0,REP
100,2020,85.104,62.010000000000005,12.01,0.0,0.0,0.0,Hors EP
100,2021,84.498,66.06,12.960000000000003,0.0,0.0,0.0,Hors EP
100,2022,85.99,65.22,16.13,0.0,0.0,0.0,Hors EP
100,2023,77.616,67.5,15.62,1.0,0.0,1.0,REP+
101,2017,81.072,86.12,19.12,0.0,0.0,0.0,Hors EP
101,2018,73.22200000000001,89.58,24.98,0.0,0.0,0.0,Hors EP
101,2019,76.776,81.75,12.12,1.0,1.0,0.0,REP
101,2020,79.936,54.510000000000005,15.430000000000001,1.0,1.0,0.0,REP
101,2021,70.71000000000001,48.15,14.7,1.0,0.0,1.0,REP+
101,2022,79.09,96.82,24.42,0.0,0.0,0.0,Hors EP
101,2023,86.494,64.0,13.0,0.0,0.0,0.0,Hors EP
102,2017,74.168,66.8,14.180000000000001,1.0,1.0,0.0,REP
102,2018,76.91,77.23,17.09,0.0,0.0,0.0,Hors EP
102,2019,68.986,55.67999999999999,18.57,0.0,1.0,0.0,REP
102,2020,85.06800000000001,81.49,19.17,0.0,0.0,0.0,Hors EP
102,2021,80.292,69.45,19.53,0.0,0.0,0.0,Hors EP
102,2022,75.772,69.72,16.95,1.0,0.0,1.0,REP+
102,2023,82.248,66.29,20.63,0.0,0.0,0.0,Hors EP
103,2017,81.428,65.93,17.51,0.0,0.0,0.0,Hors EP
103,2018,84.424,45.8,12.85,0.0,0.0,0.0,Hors EP
103,2019,76.788,100.0,20.27,0.0,0.0,0.0,Hors EP
103,2020,83.858,61.48,16.52,0.0,0.0,0.0,Hors EP
103,2021,85.586,81.22,15.73,0.0,0.0,0.0,Hors EP
103,2022,81.97,80.24,19.32,0.0,0.0,0.0,Hors EP
103,2023,75.468,97.01,16.74,1.0,0.0,1.0,REP+
104,2017,70.922,58.510000000000005,12.0,1.0,0.0,1.0,REP+
104,2018,70.878,52.8,18.9,0.0,1.0,0.0,REP
104,2019,77.22,74.14,12.0,1.0,1.0,0.0,REP
104,2020,75.508,67.95,12.31,1.0,1.0,0.0,REP
104,2021,78.848,72.29,28.55,0.0,0.0,0.0,Hors EP
104,2022,78.122,56.7,13.62,1.0,1.0,0.0,REP
104,2023,85.824,88.43,15.09,0.0,0.0,0.0,Hors EP
105,2017,70.348,70.77,20.85,0.0,1.0,0.0,REP
105,2018,83.846,88.64,13.569999999999999,0.0,0.0,0.0,Hors EP
105,2019,84.86600000000001,64.95,18.93,0.0,0.0,0.0,Hors EP
105,2020,75.61999999999999,92.88,12.76,1.0,1.0,0.0,REP
105,2021,77.304,89.41,12.01,1.0,0.0,1.0,REP+
105,2022,84.908,56.3,18.91,0.0,0.0,0.0,Hors EP
105,2023,79.078,60.79,13.819999999999999,1.0,1.0,0.0,REP
106,2017,76.072,92.53,24.09,0.0,0.0,0.0,Hors EP
106,2018,62.948,80.74,21.75,0.0,0.0,1.0,REP+
106,2019,77.176,100.0,12.3,1.0,1.0,0.0,REP
106,2020,82.888,80.42,19.44,0.0,0.0,0.0,Hors EP
106,2021,85.526,85.99,17.1,0.0,0.0,0.0,Hors EP
106,2022,76.01599999999999,79.52,17.42,1.0,0.0,1.0,REP+
106,2023,77.356,69.83,12.0,1.0,1.0,0.0,REP
107,2017,71.384,90.01,12.0,1.0,1.0,0.0,REP
107,2018,62.20399999999999,68.45,23.11,0.0,0.0,1.0,REP+
107,2019,83.15799999999999,65.81,18.88,0.0,0.0,0.0,Hors EP
107,2020,74.924,76.96,22.93,0.0,0.0,0.0,Hors EP
107,2021,79.638,69.46,20.98,0.0,0.0,0.0,Hors EP
107,2022,84.63199999999999,50.01,12.32,0.0,0.0,0.0,Hors EP
107,2023,84.506,64.27,12.0,0.0,0.0,0.0,Hors EP
108,2017,72.26,79.12,25.05,0.0,0.0,0.0,Hors EP
108,2018,78.452,71.5,14.069999999999999,1.0,1.0,0.0,REP
108,2019,81.998,72.55,17.04,0.0,0.0,0.0,Hors EP
108,2020,81.392,85.83,20.44,0.0,0.0,0.0,Hors EP
108,2021,84.77000000000001,57.65999999999999,17.75,0.0,0.0,0.0,Hors EP
108,2022,80.49000000000001,74.83,19.35,0.0,0.0,0.0,Hors EP
108,2023,79.062,86.36,20.99,0.0,0.0,0.0,Hors EP
109,2017,72.702,83.7,12.0,1.0,1.0,0.0,REP
109,2018,83.76,96.1,18.15,0.0,0.0,0.0,Hors EP
109,2019,72.124,78.3,12.64,1.0,1.0,0.0,REP
109,2020,72.124,84.49,21.48,0.0,1.0,0.0,REP
109,2021,84.592,73.05,20.96,0.0,0.0,0.0,Hors EP
109,2022,82.118,75.64,20.21,0.0,0.0,0.0,Hors EP
109,2023,71.47999999999999,64.99,19.83,0.0,1.0,0.0,REP
110,2017,76.652,69.63,12.0,1.0,1.0,0.0,REP
110,2018,69.704,81.96,21.06,0.0,1.0,0.0,REP
110,2019,81.312,78.44,12.0,0.0,0.0,0.0,Hors EP
110,2020,68.536,79.15,18.12,0.0,0.0,1.0,REP+
110,2021,84.542,77.7,12.26,0.0,0.0,0.0,Hors EP
110,2022,79.446,64.32,12.0,1.0,1.0,0.0,REP
110,2023,86.60799999999999,68.46,14.89,0.0,0.0,0.0,Hors EP
111,2017,80.19,49.33,16.23,0.0,0.0,0.0,Hors EP
111,2018,83.768,44.38,18.53,0.0,0.0,0.0,Hors EP
111,2019,76.63199999999999,71.28,13.970000000000002,1.0,1.0,0.0,REP
111,2020,83.78999999999999,68.6,12.36,0.0,0.0,0.0,Hors EP
111,2021,70.388,56.67999999999999,21.92,0.0,1.0,0.0,REP
111,2022,87.32000000000001,81.48,14.440000000000001,0.0,0.0,0.0,Hors EP
111,2023,74.51,77.06,16.12,1.0,0.0,1.0,REP+
112,2017,77.628,65.51,17.0,1.0,1.0,0.0,REP
112,2018,80.856,86.91,18.99,0.0,0.0,0.0,Hors EP
112,2019,79.894,63.48,19.99,0.0,0.0,0.0,Hors EP
112,2020,69.074,72.27,18.56,0.0,0.0,1.0,REP+
112,2021,74.224,56.77,27.79,0.0,0.0,0.0,Hors EP
112,2022,82.162,62.760000000000005,14.180000000000001,1.0,1.0,0.0,REP
112,2023,83.186,82.67,19.62,0.0,0.0,0.0,Hors EP
113,2017,72.81800000000001,84.24,22.36,0.0,0.0,0.0,Hors EP
113,2018,81.212,71.45,16.05,0.0,0.0,0.0,Hors EP
113,2019,68.764,68.34,18.99,0.0,1.0,0.0,REP
113,2020,83.44,51.71,12.0,0.0,0.0,0.0,Hors EP
113,2021,79.27799999999999,79.31,22.13,0.0,0.0,0.0,Hors EP
113,2022,81.84200000000001,95.29,17.19,0.0,0.0,0.0,Hors EP
113,2023,80.244,49.33,12.0,1.0,1.0,0.0,REP
114,2017,73.376,98.94,26.29,0.0,0.0,0.0,Hors EP
114,2018,83.666,62.13000000000001,12.41,0.0,0.0,0.0,Hors EP
114,2019,76.59,81.38,14.84,1.0,1.0,0.0,REP
114,2020,72.01,72.63,14.720000000000002,1.0,0.0,1.0,REP+
114,2021,81.616,48.99,14.99,0.0,0.0,0.0,Hors EP
114,2022,75.71799999999999,85.08,16.2,1.0,0.0,1.0,REP+
114,2023,87.078,52.65,15.319999999999999,0.0,0.0,0.0,Hors EP
115,2017,67.33,91.16,20.94,0.0,1.0,0.0,REP
115,2018,82.592,64.66,15.25,0.0,0.0,0.0,Hors EP
115,2019,71.494,52.36,25.16,0.0,0.0,0.0,Hors EP
115,2020,70.388,73.86,13.16,1.0,1.0,0.0,REP
115,2021,83.538,62.6,18.12,0.0,0.0,0.0,Hors EP
115,2022,82.334,85.43,12.87,0.0,0.0,0.0,Hors EP
115,2023,83.986,79.67,12.85,0.0,0.0,0.0,Hors EP
116,2017,80.414,64.48,12.05,0.0,0.0,0.0,Hors EP
116,2018,73.53999999999999,70.04,12.0,1.0,1.0,0.0,REP
116,2019,81.574,94.3,17.45,0.0,0.0,0.0,Hors EP
116,2020,77.35799999999999,80.28,24.59,0.0,0.0,0.0,Hors EP
116,2021,82.68199999999999,68.31,12.0,0.0,0.0,0.0,Hors EP
116,2022,82.494,85.03,24.88,0.0,0.0,0.0,Hors EP
116,2023,79.366,74.3,15.720000000000002,1.0,1.0,0.0,REP
117,2017,84.398,86.3,12.0,0.0,0.0,0.0,Hors EP
117,2018,80.374,72.28,15.330000000000002,0.0,0.0,0.0,Hors EP
117,2019,80.998,62.19,20.5,0.0,0.0,0.0,Hors EP
117,2020,73.532,58.94,14.569999999999999,1.0,1.0,0.0,REP
117,2021,82.01599999999999,57.9,20.34,0.0,0.0,0.0,Hors EP
117,2022,81.672,51.05,23.74,0.0,0.0,0.0,Hors EP
117,2023,81.876,72.41,26.72,0.0,0.0,0.0,Hors EP
118,2017,71.986,75.88,18.1,0.0,1.0,0.0,REP
118,2018,82.138,69.59,13.9,0.0,0.0,0.0,Hors EP
118,2019,84.76599999999999,40.0,16.53,0.0,0.0,0.0,Hors EP
118,2020,79.792,84.97,13.529999999999998,1.0,1.0,0.0,REP
118,2021,75.7,56.029999999999994,12.0,1.0,1.0,0.0,REP
118,2022,82.876,55.65,18.77,0.0,0.0,0.0,Hors EP
118,2023,73.34,52.52,12.0,1.0,0.0,1.0,REP+
119,2017,70.864,67.88,17.9,1.0,1.0,0.0,REP
119,2018,70.8,56.779999999999994,12.26,1.0,0.0,1.0,REP+
119,2019,84.514,53.970000000000006,12.0,0.0,0.0,0.0,Hors EP
119,2020,70.446,83.39,21.66,0.0,1.0,0.0,REP
119,2021,80.47200000000001,90.15,19.73,0.0,0.0,0.0,Hors EP
119,2022,71.63,75.95,20.49,0.0,1.0,0.0,REP
119,2023,77.85,75.82,25.44,0.0,0.0,0.0,Hors EP
120,2017,71.806,70.25,12.0,1.0,0.0,1.0,REP+
120,2018,79.422,93.22,17.79,0.0,0.0,0.0,Hors EP
120,2019,84.218,70.61,19.31,0.0,0.0,0.0,Hors EP
120,2020,74.098,56.85,15.319999999999999,1.0,1.0,0.0,REP
120,2021,84.884,80.64,21.91,0.0,0.0,0.0,Hors EP
120,2022,80.152,50.75,12.0,1.0,1.0,0.0,REP
120,2023,80.486,68.08,24.15,0.0,0.0,0.0,Hors EP
121,2017,73.988,99.53,21.09,0.0,0.0,0.0,Hors EP
121,2018,78.15599999999999,76.62,16.86,1.0,1.0,0.0,REP
121,2019,83.718,69.4,12.79,0.0,0.0,0.0,Hors EP
121,2020,80.454,59.44,20.42,0.0,0.0,0.0,Hors EP
121,2021,82.244,70.0,15.35,0.0,0.0,0.0,Hors EP
121,2022,76.17,73.6,13.069999999999999,1.0,0.0,1.0,REP+
121,2023,85.66,66.36,20.83,0.0,0.0,0.0,Hors EP
122,2017,80.036,82.3,15.55,0.0,0.0,0.0,Hors EP
122,2018,86.27799999999999,79.25,12.0,0.0,0.0,0.0,Hors EP
122,2019,81.534,55.46,19.34,0.0,0.0,0.0,Hors EP
122,2020,82.85799999999999,89.74,17.5,0.0,0.0,0.0,Hors EP
122,2021,73.6,81.11,17.89,1.0,1.0,0.0,REP
122,2022,84.79400000000001,52.989999999999995,17.63,0.0,0.0,0.0,Hors EP
122,2023,82.022,49.11,24.6,0.0,0.0,0.0,Hors EP
123,2017,77.94800000000001,58.92,22.48,0.0,0.0,0.0,Hors EP
123,2018,81.95,98.89,18.29,0.0,0.0,0.0,Hors EP
123,2019,81.612,79.22,17.5,0.0,0.0,0.0,Hors EP
123,2020,71.634,100.0,13.080000000000002,1.0,1.0,0.0,REP
123,2021,78.24600000000001,74.38,22.72,0.0,0.0,0.0,Hors EP
123,2022,78.542,76.79,22.92,0.0,0.0,0.0,Hors EP
123,2023,84.852,95.95,16.02,0.0,0.0,0.0,Hors EP
124,2017,72.83,71.87,12.0,1.0,1.0,0.0,REP
124,2018,79.98400000000001,70.2,15.23,0.0,0.0,0.0,Hors EP
124,2019,70.41,55.63000000000001,22.34,0.0,1.0,0.0,REP
124,2020,85.08,54.529999999999994,17.06,0.0,0.0,0.0,Hors EP
124,2021,83.524,66.49,17.09,0.0,0.0,0.0,Hors EP
124,2022,68.78399999999999,86.48,21.76,0.0,1.0,0.0,REP
124,2023,67.476,80.47,19.08,0.0,0.0,1.0,REP+
125,2017,76.074,64.69,12.0,1.0,1.0,0.0,REP
125,2018,85.4,80.85,16.53,0.0,0.0,0.0,Hors EP
125,2019,70.82000000000001,80.07,20.29,0.0,1.0,0.0,REP
125,2020,83.546,76.03,15.23,0.0,0.0,0.0,Hors EP
125,2021,83.522,71.15,21.43,0.0,0.0,0.0,Hors EP
125,2022,84.894,77.32,12.0,0.0,0.0,0.0,Hors EP
125,2023,88.44200000000001,71.76,14.38,0.0,0.0,0.0,Hors EP
126,2017,79.514,71.4,20.5,0.0,0.0,0.0,Hors EP
126,2018,76.75,70.54,22.89,0.0,0.0,0.0,Hors EP
126,2019,79.79400000000001,93.66,13.84,0.0,0.0,0.0,Hors EP
126,2020,74.604,61.86,19.52,0.0,1.0,0.0,REP
126,2021,82.062,80.87,17.64,1.0,1.0,0.0,REP
126,2022,81.272,58.239999999999995,18.33,0.0,0.0,0.0,Hors EP
126,2023,76.886,68.57,12.7,1.0,0.0,1.0,REP+
127,2017,75.25,59.27,15.720000000000002,1.0,1.0,0.0,REP
127,2018,72.186,60.1,14.080000000000002,1.0,0.0,1.0,REP+
127,2019,83.312,74.28,14.180000000000001,0.0,0.0,0.0,Hors EP
127,2020,73.97200000000001,88.06,14.09,1.0,1.0,0.0,REP
127,2021,83.69,83.95,15.75,0.0,0.0,0.0,Hors EP
127,2022,73.688,79.02,12.0,1.0,0.0,1.0,REP+
127,2023,83.01599999999999,86.05,18.89,0.0,0.0,0.0,Hors EP
128,2017,68.45,84.08,12.0,1.0,1.0,0.0,REP
128,2018,72.022,91.66,12.0,1.0,1.0,0.0,REP
128,2019,79.662,97.75,12.47,1.0,1.0,0.0,REP
128,2020,82.808,100.0,19.44,0.0,0.0,0.0,Hors EP
128,2021,84.742,79.67,13.169999999999998,0.0,0.0,0.0,Hors EP
128,2022,70.514,84.5,13.220000000000002,1.0,0.0,1.0,REP+
128,2023,85.362,87.52,21.29,0.0,0.0,0.0,Hors EP
129,2017,78.452,88.29,12.0,1.0,1.0,0.0,REP
129,2018,84.652,88.79,18.61,0.0,0.0,0.0,Hors EP
129,2019,70.826,93.24,17.73,1.0,0.0,1.0,REP+
129,2020,74.478,71.29,13.89,1.0,0.0,1.0,REP+
129,2021,74.62,54.1,13.64,1.0,1.0,0.0,REP
129,2022,75.94,78.66,12.2,1.0,0.0,1.0,REP+
129,2023,83.836,80.69,14.7,0.0,0.0,0.0,Hors EP
130,2017,82.884,59.2,15.34,0.0,0.0,0.0,Hors EP
130,2018,74.84,74.93,22.89,0.0,0.0,0.0,Hors EP
130,2019,75.964,59.010000000000005,20.06,0.0,0.0,0.0,Hors EP
130,2020,84.78200000000001,61.35,18.57,0.0,0.0,0.0,Hors EP
130,2021,78.85600000000001,70.49,12.960000000000003,1.0,1.0,0.0,REP
130,2022,78.392,67.09,14.13,1.0,1.0,0.0,REP
130,2023,76.56,72.59,26.57,0.0,0.0,0.0,Hors EP
131,2017,67.462,71.37,19.67,0.0,1.0,0.0,REP
131,2018,75.324,87.15,21.13,0.0,0.0,0.0,Hors EP
131,2019,81.234,81.29,19.14,0.0,0.0,0.0,Hors EP
131,2020,81.304,58.989999999999995,21.73,0.0,0.0,0.0,Hors EP
131,2021,82.09400000000001,69.02,19.09,0.0,0.0,0.0,Hors EP
131,2022,79.514,84.7,16.15,1.0,1.0,0.0,REP
131,2023,76.904,71.28,15.720000000000002,1.0,0.0,1.0,REP+
132,2017,78.88,85.46,12.91,0.0,0.0,0.0,Hors EP
132,2018,83.662,73.74,18.43,0.0,0.0,0.0,Hors EP
132,2019,66.20599999999999,81.36,18.64,0.0,0.0,1.0,REP+
132,2020,85.23400000000001,71.13,16.01,0.0,0.0,0.0,Hors EP
132,2021,85.922,43.47,16.64,0.0,0.0,0.0,Hors EP
132,2022,82.15799999999999,50.54,20.33,0.0,0.0,0.0,Hors EP
132,2023,82.78999999999999,46.14,22.15,0.0,0.0,0.0,Hors EP
133,2017,83.182,100.0,20.48,0.0,0.0,0.0,Hors EP
133,2018,85.68199999999999,73.98,16.09,0.0,0.0,0.0,Hors EP
133,2019,71.428,72.9,14.819999999999999,1.0,0.0,1.0,REP+
133,2020,69.848,62.63000000000001,19.98,0.0,0.0,1.0,REP+
133,2021,82.076,61.760000000000005,20.5,0.0,0.0,0.0,Hors EP
133,2022,74.90799999999999,64.45,20.24,0.0,1.0,0.0,REP
133,2023,84.56800000000001,61.67,16.16,0.0,0.0,0.0,Hors EP
134,2017,71.362,80.19,15.779999999999998,1.0,1.0,0.0,REP
134,2018,80.72999999999999,75.13,19.85,0.0,0.0,0.0,Hors EP
134,2019,81.19,86.8,13.23,0.0,0.0,0.0,Hors EP
134,2020,82.90799999999999,61.63000000000001,12.0,0.0,0.0,0.0,Hors EP
134,2021,85.09,52.88000000000001,12.63,0.0,0.0,0.0,Hors EP
134,2022,74.932,71.86,26.78,0.0,0.0,0.0,Hors EP
134,2023,85.13,45.12,23.82,0.0,0.0,0.0,Hors EP
135,2017,79.68199999999999,77.88,18.29,0.0,0.0,0.0,Hors EP
135,2018,81.498,89.36,19.49,0.0,0.0,0.0,Hors EP
135,2019,69.762,60.489999999999995,21.19,0.0,1.0,0.0,REP
135,2020,84.09,59.9,19.67,0.0,0.0,0.0,Hors EP
135,2021,81.02799999999999,63.79,15.41,0.0,0.0,0.0,Hors EP
135,2022,78.276,61.6,15.24,1.0,1.0,0.0,REP
135,2023,65.91,73.89,19.35,0.0,0.0,1.0,REP+
136,2017,73.38199999999999,80.75,12.0,1.0,1.0,0.0,REP
136,2018,74.61800000000001,80.5,12.0,1.0,1.0,0.0,REP
136,2019,83.574,81.36,12.0,0.0,0.0,0.0,Hors EP
136,2020,83.72,68.09,15.62,0.0,0.0,0.0,Hors EP
136,2021,83.096,88.67,12.0,0.0,0.0,0.0,Hors EP
136,2022,84.478,75.69,18.19,0.0,0.0,0.0,Hors EP
136,2023,87.50399999999999,44.99,16.28,0.0,0.0,0.0,Hors EP
137,2017,77.326,83.55,19.8,0.0,0.0,0.0,Hors EP
137,2018,84.664,65.84,17.05,0.0,0.0,0.0,Hors EP
137,2019,82.286,100.0,18.63,0.0,0.0,0.0,Hors EP
137,2020,73.318,76.2,17.07,1.0,0.0,1.0,REP+
137,2021,66.574,82.01,23.09,0.0,1.0,0.0,REP
137,2022,71.636,70.22,15.059999999999999,1.0,0.0,1.0,REP+
137,2023,78.952,97.57,12.0,1.0,1.0,0.0,REP
138,2017,79.396,77.33,16.19,1.0,1.0,0.0,REP
138,2018,76.338,70.01,26.059999999999995,0.0,0.0,0.0,Hors EP
138,2019,66.08399999999999,59.57000000000001,19.99,0.0,0.0,1.0,REP+
138,2020,67.024,78.29,20.78,0.0,0.0,1.0,REP+
138,2021,69.28999999999999,65.23,22.28,0.0,0.0,1.0,REP+
138,2022,84.49,67.49,20.83,0.0,0.0,0.0,Hors EP
138,2023,76.438,49.45,16.65,1.0,1.0,0.0,REP
139,2017,85.066,81.86,12.0,0.0,0.0,0.0,Hors EP
139,2018,70.058,89.58,12.0,1.0,0.0,1.0,REP+
139,2019,79.14000000000001,76.87,16.95,0.0,0.0,0.0,Hors EP
139,2020,84.162,76.59,19.1,0.0,0.0,0.0,Hors EP
139,2021,82.124,80.67,12.22,0.0,0.0,0.0,Hors EP
139,2022,88.4,70.37,16.7,0.0,0.0,0.0,Hors EP
139,2023,82.816,93.94,16.02,0.0,0.0,0.0,Hors EP
140,2017,81.332,42.07,20.75,0.0,0.0,0.0,Hors EP
140,2018,71.776,81.11,12.0,1.0,0.0,1.0,REP+
140,2019,86.19,62.79,13.460000000000003,0.0,0.0,0.0,Hors EP
140,2020,77.548,74.16,13.029999999999998,1.0,1.0,0.0,REP
140,2021,73.296,66.95,14.38,1.0,0.0,1.0,REP+
140,2022,76.048,79.67,22.93,0.0,0.0,0.0,Hors EP
140,2023,83.25399999999999,90.19,12.32,0.0,0.0,0.0,Hors EP
141,2017,81.488,90.51,16.9,0.0,0.0,0.0,Hors EP
141,2018,81.384,78.53,12.95,0.0,0.0,0.0,Hors EP
141,2019,84.036,78.49,12.0,0.0,0.0,0.0,Hors EP
141,2020,73.46000000000001,60.83,22.05,0.0,1.0,0.0,REP
141,2021,79.244,47.68,20.31,0.0,0.0,0.0,Hors EP
141,2022,81.34400000000001,86.24,12.0,0.0,0.0,0.0,Hors EP
141,2023,83.72999999999999,87.3,19.54,0.0,0.0,0.0,Hors EP
142,2017,71.962,77.39,25.06,0.0,0.0,0.0,Hors EP
142,2018,76.57000000000001,79.93,16.62,1.0,1.0,0.0,REP
142,2019,88.174,87.86,17.21,0.0,0.0,0.0,Hors EP
142,2020,80.69,88.33,19.33,0.0,0.0,0.0,Hors EP
142,2021,82.896,82.92,17.37,0.0,0.0,0.0,Hors EP
142,2022,81.194,77.64,25.33,0.0,0.0,0.0,Hors EP
142,2023,77.336,77.82,12.0,1.0,0.0,1.0,REP+
143,2017,73.81,55.40999999999999,12.0,1.0,0.0,1.0,REP+
143,2018,80.51,75.78,14.14,0.0,0.0,0.0,Hors EP
143,2019,79.31400000000001,75.33,22.31,0.0,0.0,0.0,Hors EP
143,2020,69.724,85.59,18.91,0.0,0.0,1.0,REP+
143,2021,84.136,65.92,17.12,0.0,0.0,0.0,Hors EP
143,2022,78.79400000000001,80.31,12.0,1.0,1.0,0.0,REP
143,2023,72.622,79.23,18.38,0.0,0.0,1.0,REP+
144,2017,84.42999999999999,76.75,12.0,0.0,0.0,0.0,Hors EP
144,2018,77.744,40.0,13.25,1.0,1.0,0.0,REP
144,2019,86.838,100.0,13.680000000000001,0.0,0.0,0.0,Hors EP
144,2020,70.532,79.03,15.680000000000001,1.0,0.0,1.0,REP+
144,2021,75.486,69.04,20.58,0.0,1.0,0.0,REP
144,2022,84.224,66.91,12.0,0.0,0.0,0.0,Hors EP
144,2023,76.00399999999999,80.37,14.99,1.0,1.0,0.0,REP
145,2017,74.672,100.0,22.36,0.0,0.0,0.0,Hors EP
145,2018,76.114,46.0,17.0,1.0,1.0,0.0,REP
145,2019,85.204,49.97,17.71,0.0,0.0,0.0,Hors EP
145,2020,76.4,91.48,25.15,0.0,0.0,0.0,Hors EP
145,2021,79.934,76.1,12.0,1.0,1.0,0.0,REP
145,2022,77.934,80.7,12.0,1.0,1.0,0.0,REP
145,2023,74.41799999999999,67.23,14.180000000000001,1.0,0.0,1.0,REP+
146,2017,62.634,72.65,23.6,0.0,1.0,0.0,REP
146,2018,73.324,81.62,17.42,1.0,1.0,0.0,REP
146,2019,80.886,64.94,12.0,0.0,0.0,0.0,Hors EP
146,2020,79.916,69.79,18.24,0.0,0.0,0.0,Hors EP
146,2021,84.628,74.19,17.99,0.0,0.0,0.0,Hors EP
146,2022,79.034,68.56,12.0,1.0,1.0,0.0,REP
146,2023,83.992,82.42,19.05,0.0,0.0,0.0,Hors EP
147,2017,74.708,75.59,24.43,0.0,0.0,0.0,Hors EP
147,2018,72.626,72.21,12.0,1.0,0.0,1.0,REP+
147,2019,73.18199999999999,95.74,16.43,1.0,1.0,0.0,REP
147,2020,69.614,83.48,24.0,0.0,1.0,0.0,REP
147,2021,76.858,61.4,24.38,0.0,0.0,0.0,Hors EP
147,2022,81.314,81.76,25.31,0.0,0.0,0.0,Hors EP
147,2023,83.562,64.54,12.819999999999999,1.0,1.0,0.0,REP
148,2017,74.424,57.34000000000001,26.880000000000003,0.0,0.0,0.0,Hors EP
148,2018,81.526,75.0,12.31,0.0,0.0,0.0,Hors EP
148,2019,76.724,72.78,15.66,1.0,1.0,0.0,REP
148,2020,69.982,52.57000000000001,22.37,0.0,0.0,1.0,REP+
148,2021,81.3,87.56,15.690000000000001,0.0,0.0,0.0,Hors EP
148,2022,80.142,82.44,12.0,1.0,1.0,0.0,REP
148,2023,76.542,66.05,15.99,1.0,1.0,0.0,REP
149,2017,80.262,59.52,17.77,0.0,0.0,0.0,Hors EP
149,2018,69.008,87.25,14.01,1.0,0.0,1.0,REP+
149,2019,69.026,88.85,12.0,1.0,0.0,1.0,REP+
149,2020,71.512,94.81,26.02,0.0,0.0,0.0,Hors EP
149,2021,81.686,76.32,19.78,0.0,0.0,0.0,Hors EP
149,2022,75.85799999999999,92.89,12.0,1.0,1.0,0.0,REP
149,2023,81.08599999999998,72.79,22.71,0.0,0.0,0.0,Hors EP
150,2017,71.01599999999999,75.2,20.74,0.0,1.0,0.0,REP
150,2018,76.63199999999999,74.72,21.55,0.0,0.0,0.0,Hors EP
150,2019,61.59400000000001,59.06,22.46,0.0,0.0,1.0,REP+
150,2020,80.664,86.71,17.31,0.0,0.0,0.0,Hors EP
150,2021,71.418,67.93,22.52,0.0,1.0,0.0,REP
150,2022,84.75399999999999,74.68,15.39,0.0,0.0,0.0,Hors EP
150,2023,88.168,59.33,15.669999999999998,0.0,0.0,0.0,Hors EP
