nom,definition,formule,valeur,unite,population,interpretation,limites,utilisation_possible
Score global moyen,Moyenne de la variable cible sur l'ensemble des observations.,mean(variable_cible),78.231107,points sur 100,"Toutes observations (2017-2023, CP à 6e)",Niveau moyen de performance globale du système observé.,Agrégation globale masquant les écarts territoriaux et de statut.,Repère macro pour suivre l'évolution générale annuelle.
Écart REP+ vs Hors EP,Différence de score moyen entre REP+ et Hors EP.,mean(variable_cible|REP+) - mean(variable_cible|Hors EP),-10.249144,points sur 100,Statuts REP+ et Hors EP,Mesure brute de l'inégalité de performance entre extrêmes de statut.,"Indicateur associatif non causal, sensible à la composition des groupes.",Priorisation des dispositifs d'appui vers les zones REP+.
Tendance annuelle Hors EP,Pente de la tendance temporelle du score moyen Hors EP.,slope(annee -> mean(variable_cible|Hors EP)),0.811284,points/an,Observations Hors EP,Variation moyenne annuelle du score Hors EP.,Tendance linéaire simplifiée sur 7 années.,Étalonnage d'une dynamique de référence hors EP.
Tendance annuelle REP+,Pente de la tendance temporelle du score moyen REP+.,slope(annee -> mean(variable_cible|REP+)),0.836478,points/an,Observations REP+,Variation moyenne annuelle du score REP+.,Tendance linéaire simplifiée sur 7 années.,Suivi de l'intensité de progression en éducation prioritaire renforcée.
Évolution de l'écart REP+ vs Hors EP (2017→2023),Variation de l'écart de score REP+ moins Hors EP entre début et fin de période.,(gap_2023) - (gap_2017),-1.180823,points sur 100,REP+ et Hors EP par année,Négatif = creusement de l'écart en défaveur de REP+.,Ne prouve pas un effet causal d'une politique.,Alerte stratégique sur réduction ou aggravation des inégalités.
Part d'observations dédoublées,Proportion d'observations avec dedoublement=1.,mean(dedoublement),0.335238,proportion (0-1),Toutes observations,Mesure l'intensité d'exposition au dédoublement dans le panel.,Ne renseigne pas à elle seule sur l'efficacité pédagogique.,Suivi de couverture du dispositif.
RMSE modèle explicatif OLS,Erreur quadratique moyenne racine du modèle OLS sur le jeu observé.,sqrt(mean((y - y_pred)^2)),5.707195,points sur 100,Toutes observations (in-sample),Ordre de grandeur de l'erreur moyenne de prédiction du modèle.,"Mesure in-sample, non validée ici sur jeu externe.",Suivi de la robustesse d'un outil de pilotage prédictif.
R² modèle explicatif OLS,Part de variance expliquée par le modèle OLS.,1 - SSE/SST,0.703017,proportion (0-1),Toutes observations (in-sample),Capacité explicative globale des variables retenues.,Ne démontre pas la causalité des effets.,Comparer versions successives du modèle explicatif.
ICC effet école (modèle mixte),Part de variance résiduelle attribuable aux différences inter-écoles.,var_inter_ecole / (var_inter_ecole + var_residuelle),0.006785,proportion (0-1),Toutes observations,Faible valeur = faible surcroît d'information école après contrôles.,Dépend de la spécification du modèle mixte.,Décider du niveau de granularité du pilotage (école vs macro).
